date,venueType,venueName,city,state,peopleKilled,peopleInjured,pistol,rifle,shotgun,unknownGun,explosive,knife,nonMetallicObject,googleMapsUrl
1/3/2014,10,St. Bernard Catholic Church,Eureka,CA,1,0,0,0,0,1,0,0,0,"https://www.google.com/maps/place/Saint+Bernards+Roman+Catholic+Church/@40.801125,-124.162903,17z/data=!3m1!4b1!4m2!3m1!1s0x54d155632c5b3851:0x553af043de907fbe"
1/4/2014,6,Country Inn & Suites,Madison,AL,0,0,0,0,0,1,0,0,0,"https://www.google.com/maps/place/Country+Inn+%26+Suites+By+Carlson,+Madison,+AL/@34.674145,-86.759736,17z/data=!3m1!4b1!4m2!3m1!1s0x8862656d701223f5:0xe9be825262ec1087"
1/5/2014,9,Bus,,MI,0,0,0,0,0,1,0,0,0,"https://www.google.com/maps/place/Grand+Rapids+Bus+Services/@42.956279,-85.676796,17z/data=!3m1!4b1!4m2!3m1!1s0x8819ade79c6599a1:0xce628e6cedfc517c"
1/7/2014,1,Mount Saint Mary College,Grand Rapids,NY,1,1,0,0,0,1,0,0,0,"https://www.google.com/maps/place/Mount+Saint+Mary+College/@41.511094,-74.013407,17z/data=!3m1!4b1!4m2!3m1!1s0x89dd31f15f0d9e67:0xbdd600f56b4365a0"
1/9/2014,1,Liberty Technology Magnet High School,Jackson,TN,0,1,0,0,0,1,0,0,0,"https://www.google.com/maps/place/Liberty+Technology+Magnet+High+School/@35.675717,-88.760678,17z/data=!3m1!4b1!4m2!3m1!1s0x887c1dbb6777b32b:0xbacc38d3bd222c3f"
1/11/2014,1,Konawa School,Konawa,OK,0,0,0,0,0,1,0,0,0,"https://www.google.com/maps/search/Konawa+Schools+Konawa,+OK/@34.95641,-96.760204,17z/am=t/data=!3m1!4b1"
1/13/2014,10,Cine Bistro at Grove 16,Wesley Chapel,FL,1,1,1,0,0,0,0,0,0,"https://www.google.com/maps/place/Cin√©Bistro+at+Grove+16/@28.249205,-82.348114,17z/data=!3m1!4b1!4m2!3m1!1s0x88c2b04a7ba6e14b:0xf41d65571ed91e3"
1/14/2014,1,Berrendo Middle School,Roswell,NM,0,2,0,0,1,0,0,0,0,"https://www.google.com/maps/place/Berrendo+Middle+School/@33.473605,-104.511435,17z/data=!3m1!4b1!4m2!3m1!1s0x86e2702bd9811ff9:0x2b12bc01e4dad5be"
1/16/2014,11,Doctor's Choice Medical Center,West Palm Beach,FL,2,1,0,0,0,1,0,0,0,"https://www.google.com/maps/place/Doctor's+Choice+Medical+Center/@26.650409,-80.115845,17z/data=!3m1!4b1!4m2!3m1!1s0x88d9280dc25c5d97:0xe5e79a89d8d1d30b"
1/17/2014,1,Delaware Valley Charter High School,Delaware,PA,0,2,0,0,0,1,0,0,0,"https://www.google.com/maps/place/Delaware+Valley+Charter+High+School/@40.0318764,-75.1499621,15z/data=!4m2!3m1!1s0x89c6b783624a8d5d:0xe98c5431a8d7c5a9"
1/21/2014,1,Purdue University,West Lafayette,IN,1,0,0,0,0,1,0,0,0,"https://www.google.com/maps/place/Purdue+University/@40.423705,-86.921195,17z/data=!3m1!4b1!4m2!3m1!1s0x8812fd37423e0507:0x8eccb2cf8b1a7c8e"
1/20/2014,3,Easy Way Distribution Center,Memphis,TN,1,0,0,0,0,1,0,0,0,"https://www.google.com/maps/place/MacMall+Distribution+Center/@35.0464994,-89.8859485,13z/data=!4m5!1m2!2m1!1seasy+way+distribution+center+in+s+mendenhall,+memphis,+tennessee!3m1!1s0x887f8f6a768d58f1:0x61e0967b5f3779fc"
1/20/2014,6,Old English Inn,DeKalb,GA,0,4,0,0,0,1,0,1,0,"https://www.google.com/maps/place/Old+English+Inn/@33.734896,-84.229628,17z/data=!3m1!4b1!4m2!3m1!1s0x88f5aa33646bfcbb:0x7df820b0265f44f7"
1/20/2014,1,Widener University,Chester,PA,0,1,1,0,0,0,0,0,0,"https://www.google.com/maps/place/Widener+University/@39.861569,-75.355263,17z/data=!3m1!4b1!4m2!3m1!1s0x89c6e8083a6e0c7d:0xfbfbf5810c0eee02"
1/17/2014,1,Philadelphia High School,Philadelphia,MS,0,2,0,0,0,1,0,0,0,"https://www.google.com/maps/place/Philadelphia+High+School/@32.773745,-89.111449,17z/data=!3m1!4b1!4m2!3m1!1s0x8883c1c7ae57cf23:0x7c5272ac097b08ea"
1/23/2014,9,Light Rail train,Sacramento,CA,1,0,0,0,0,1,0,0,0,http://sacandco.net/news/article/269319/2/Man-killed-woman-arrested-following-shooting-on-Light-Rail-train-in-Sacramento
1/24/2014,1,South Carolina State University,Orangeburg,SC,1,0,0,0,0,1,0,0,0,"https://www.google.com/maps/place/South+Carolina+State+University/@33.495362,-80.855083,17z/data=!4m2!3m1!1s0x88f8d503dd459999:0x1507fc631329d0ea"
1/25/2014,10,Arena Building,Cape Girardeau,MO,0,2,1,0,0,0,0,0,0,http://www.semissourian.com/story/2045290.html
1/26/2014,4,Bromley Health Development,Boston ,MA,0,1,0,0,0,1,0,0,0,"https://www.google.com/maps/place/Bromley+Heath+Management+Office/@42.3227515,-71.1013655,16z/data=!4m5!1m2!2m1!1sbromley+heath+boston!3m1!1s0x0:0x225b0cb9f8aedfce"
1/27/2014,3,Walgreens,Oakland,CA,1,0,0,0,0,1,0,0,0,http://sanfrancisco.cbslocal.com/2014/01/28/man-injured-in-oakland-shooting-3/
1/27/2014,10,Word Tabernacle Church,Rocky Mount,NC,0,12,0,0,0,1,0,0,0,"https://www.google.com/maps/place/Word+Tabernacle+Church/@35.929341,-77.816236,17z/data=!3m1!4b1!4m2!3m1!1s0x89ae86c24ecf043d:0xf254dec8f71ce860"
1/27/2014,11,Tri-County Community Mental Health Center,Chesterfield,SC,1,0,1,0,0,0,0,0,0,"https://www.google.com/maps/place/Tri-County+Mental+Health+Center/@33.62505,-80.9470381,7z/data=!4m5!1m2!2m1!1sTri-County+Community+Mental+Health+Center+SC!3m1!1s0x88550755286c3d71:0xd70cc2849f669958"
1/28/2014,1,Phoenix High School,Lawrenceville,GA,1,2,0,0,0,1,0,0,0,"https://www.google.com/maps/place/Phoenix+High+School/@33.962781,-84.004895,17z/data=!3m1!4b1!4m2!3m1!1s0x88f5be881f9c8865:0xf5ff922435dd2b7"
1/28/2014,10,Sangillo's Tavern,Portland,ME,0,1,0,0,0,1,0,0,0,https://www.google.com.ph/webhp?sourceid=chrome-instant&ion=1&espv=2&ie=UTF-8#q=sangillo's%20tavern%20portland
1/28/2014,1,Theodore Roosevelt High School,Honolulu,HI,0,3,0,0,0,1,0,0,0,"https://www.google.com/maps/place/President+Theodore+Roosevelt+High+School/@21.310524,-157.837371,17z/data=!3m1!4b1!4m2!3m1!1s0x7c006dc6c7d7147f:0x20dc7a2b7a17f6bb"
1/28/2014,1,Tennessee State University,Nashville,TN,0,1,0,0,0,1,0,0,0,"https://www.google.com/maps/place/Tennessee+State+University/@36.167038,-86.829183,17z/data=!3m1!4b1!4m2!3m1!1s0x8864612dc3e8e4cf:0x76bd4369d319821d"
1/28/2014,1,Roosevelt High School,Honolulu,HI,0,1,1,0,0,0,0,0,0,"https://www.google.com/maps/place/President+Theodore+Roosevelt+High+School/@21.310524,-157.837371,17z/data=!3m1!4b1!4m2!3m1!1s0x7c006dc6c7d7147f:0x20dc7a2b7a17f6bb"
1/29/2014,1,Eastern Florida State College,Palm Bay,FL,0,1,1,0,0,0,0,0,0,"https://www.google.com/maps/place/Eastern+Florida+State+College+-+Palm+Bay+Campus/@27.993567,-80.630003,17z/data=!3m1!4b1!4m2!3m1!1s0x88de12a7ac3abd0b:0xbbf6c7bf1ddeb9a6"
1/31/2014,1,North High School,Des Moines,IA,0,1,0,0,0,1,0,0,0,"https://www.google.com/maps/place/North+High+School/@41.618322,-93.622996,17z/data=!3m1!4b1!4m2!3m1!1s0x87ee9978b865af57:0x27650efe26df3913"
2/1/2014,6,Forest Houses,Bronx,NY,1,1,0,0,0,1,0,0,0,"https://www.google.com/maps/search/e166th+st.,+bronx,+ny/@40.826718,-73.9033565,17z/data=!3m1!4b1"
2/3/2014,4,NYC Dept. of Environmental Protection,Kingston,NY,1,0,0,0,0,1,0,0,0,"https://www.google.com/maps/place/NYC+Department+of+Environmental+Protection/@40.7056308,-73.9780035,10z/data=!4m5!1m2!2m1!1sNYC+Department+of+Environmental+Protection,+in+NY!3m1!1s0x89c2600422bc453d:0x8288379289df26e9"
2/3/2014,3,Benjamin Moore & Co.,Vancouver,WA,1,0,0,0,0,1,0,0,0,"https://www.google.com/maps/place/Benjamin+Moore/@45.641301,-122.689743,17z/data=!3m1!4b1!4m2!3m1!1s0x5495a8d04dc55fa5:0xc39fd0da9cf34afb"
2/4/2014,1,Thornridge High School,Dolton,IL,0,2,0,0,0,1,0,0,0,"https://www.google.com/maps/place/Thornridge+High+School/@41.622024,-87.59868,17z/data=!3m1!4b1!4m2!3m1!1s0x880e210cc10ddb17:0x17778c02eb451bf"
2/5/2014,10,Church of God,Los Angeles,CA,1,1,0,0,0,1,0,0,0,"https://www.google.com/maps/place/New+Antioch+Church+of+God/@33.967959,-118.291229,17z/data=!3m1!4b1!4m2!3m1!1s0x80c2c9d17140f64b:0xae7485f859df7e82"
2/10/2014,1,Salisbury High School,Salisbury,NC,0,1,0,0,0,1,0,0,0,"https://www.google.com/maps/place/Salisbury+High+School/@35.664439,-80.484539,17z/data=!3m1!4b1!4m2!3m1!1s0x8853f31c67c892d5:0x9f973473a583dbb4"
2/11/2014,1,H & H Day Care Center,Philadelphia,PA,1,1,0,0,0,1,0,0,0,"https://www.google.com/maps/place/H+%26+H+Day+Care+Center/@39.972353,-75.204655,17z/data=!3m1!4b1!4m2!3m1!1s0x89c6c70656e7b719:0x52d44dcf28009ade"
2/11/2014,1,Brush High School,Lyndburst,OH,0,0,0,0,0,1,0,0,0,"https://www.google.com/maps/place/Charles+F.+Brush+High+School/@41.522188,-81.504274,17z/data=!3m1!4b1!4m2!3m1!1s0x8831021cb12b0055:0xd22de3d8444eb7e0"
2/12/2014,1,Union University,Jackson,TN,1,0,0,0,0,1,0,0,0,"https://www.google.com/maps/place/Union+University/@35.676598,-88.858757,17z/data=!3m1!4b1!4m2!3m1!1s0x887ea69c4344e307:0x40fca2edea2101e6"
2/14/2014,2,Downey Office,Downey,CA,1,0,0,0,0,1,0,0,0,"https://www.google.com/maps/place/9600+Lakewood+Blvd/@33.9525345,-118.1144268,17z/data=!3m1!4b1!4m2!3m1!1s0x80c2cd8a3721a47d:0xaeac9061fdb42b"
2/17/2014,1,Eagle View Kindercare,Indianapolis,IN,0,1,0,0,0,1,0,0,0,http://www.indianasnewscenter.com/news/local/Woman-Shot-In-Daycare-Parking-Lot-On-Indys-West-Side-245983951.html
2/20/2014,2,Cedarville Rancheria Tribal Office,Alturas,CA,4,2,0,0,0,1,0,1,0,"https://www.google.com/maps/place/Cedarville+Rancheria+Tribal/@41.4901584,-120.544683,11z/data=!4m5!1m2!2m1!1sCedarville+Rancheria+Tribal+Office+in+Alturas,+CA!3m1!1s0x54cbaf6aaa06b95d:0x1ce53ea66ea60f5b"
2/20/2014,2,Raytown Success Academy,Raytown,MO,1,0,0,0,0,1,0,0,0,http://www.kctv5.com/story/24776605/raytown-schools-impose-districtwide-lockdown
2/21/2014,10,Eastland Mall,Columbus,OH,0,1,0,0,0,1,0,0,0,"https://www.google.com/maps/place/Eastland+Mall+Columbus/@39.919162,-82.8828489,17z/data=!3m1!4b1!4m2!3m1!1s0x88387d37898372d7:0xbc059e438a989e9e"
2/23/2014,9,Fisher's Auto Body Inc.,Las Vegas,NV,1,2,0,0,0,1,0,0,0,"https://www.google.com/maps/place/Fischer's+Auto+Body+Inc/@36.149359,-115.164411,17z/data=!3m1!4b1!4m2!3m1!1s0x80c8c38b463b2ed3:0xcd46e1cede6c2580"
2/24/2014,6,Oheka Castle,Suffolk County,NY,0,1,0,0,0,1,0,0,0,"https://www.google.com/maps/place/135+Westgate+Dr/@41.7646335,-88.3529273,17z/data=!3m1!4b1!4m2!3m1!1s0x880ee56dfa751623:0xdd989c20872b85e6"
2/28/2014,2,Tax City,Detroit,MI,0,4,0,0,0,1,0,0,0,"https://www.google.com/maps/place/Tax+City/@42.375651,-83.017191,17z/data=!3m1!4b1!4m2!3m1!1s0x8824d30afc777987:0x95f2a1a8603ac29"
2/28/2014,4,Brevard County Court,Melbourne,FL,0,0,0,0,0,1,0,0,0,"https://www.google.com/maps/place/Brevard+County+Court+Judge/@28.276551,-80.707937,11z/data=!4m5!1m2!2m1!1sMoore+Justice+Center,+Nieman+Avenue,+Melbourne,+FL!3m1!1s0x88de11d9ff8c33b5:0x5feebb985015d9e7"
3/2/2014,4,County Sheriff's Office,Iberia,LA,1,0,0,0,0,1,0,0,0,"https://www.google.com/maps/place/Iberia+Parish+Sheriff's+Office/@29.9306723,-91.6076959,10z/data=!4m5!1m2!2m1!1sIberia+County+Sheriff's+Office+in+Iberia,+LA!3m1! "
3/2/2014,1,McDaniel College,Westminster,MD,0,0,1,0,0,0,0,0,0,"https://www.google.com/maps/place/McDaniel+College/@39.5857003,-77.0038701,16z/data=!3m1!4b1!4m2!3m1!1s0x89c847fb68a37d7b:0x9e26293117fcc6ca"
3/4/2014,10,Mardi Gras World,New Orleans,LA,2,0,0,0,0,2,0,0,0,"https://www.google.com/maps/place/Mardi+Gras+World/@29.934693,-90.061581,17z/data=!3m2!4b1!5s0x8620a6640db92da9:0xfa90f0978d74c540!4m2!3m1!1s0x8620a64181b08e5f:0xee3fbf607518e3c5"
3/4/2014,10,Mardi Gras World,New Orleans,LA,0,1,0,0,0,1,0,0,0,"https://www.google.com/maps/place/Mardi+Gras+World/@29.934693,-90.061581,17z/data=!3m2!4b1!5s0x8620a6640db92da9:0xfa90f0978d74c540!4m2!3m1!1s0x8620a64181b08e5f:0xee3fbf607518e3c5"
3/8/2014,1,University of Oshkosh,Oshkosh,WI,0,0,0,0,0,1,0,0,0,"https://www.google.com/maps/place/University+Of+Wisconsin+Oshkosh/@44.0249167,-88.5537743,15z/data=!3m1!4b1!4m2!3m1!1s0x8803ebe40a08408b:0xb8f8ec18c1c8b267"
3/9/2014,6,Downtown Motel,Hoopeston,IL,1,0,0,0,0,1,0,0,0,"https://www.google.com/maps/place/Downtown+Motel/@40.467458,-87.670045,17z/data=!3m1!4b1!4m2!3m1!1s0x880d7ac2f3dee51b:0x2453130e928d1e7"
3/9/2014,6,Sheraton Suites Columbus,Columbus,OH,1,0,0,0,0,1,0,0,0,"https://www.google.com/maps/place/Sheraton+Suites+Columbus/@40.113081,-83.009616,17z/data=!3m1!4b1!4m2!3m1!1s0x8838f346aeab15a9:0x91d22b603b905d0f"
3/18/2014,10,Kansas City Zoo,Kansas City,MO,0,0,0,0,0,1,0,0,0,"https://www.google.com/maps/place/Kansas+City+Zoo/@39.006383,-94.528291,17z/data=!3m1!4b1!4m2!3m1!1s0x87c0e5ca1583a001:0xb44f49e90df6aefd"
3/20/2014,11,Anschutz Medical Center Campus,Aurora,CO,1,0,0,0,0,1,0,0,0,"https://www.google.com/maps/place/Anschutz+Medical+Campus/@39.688835,-104.6868336,11z/data=!4m5!1m2!2m1!1sAnschutz+Medical+Center+Campus,+Aurora,+CO!3m1!1s0x876c634d04985013:0xb540696e93466730"
3/21/2014,3,Global Casework Manufacturing Inc.,Sugarland,TX,1,0,0,0,0,1,0,0,0,"https://www.google.com/maps/place/Global+Casework+Manufacturing+Inc/@29.639826,-95.606595,17z/data=!3m1!4b1!4m2!3m1!1s0x8640e7090d2257d9:0xb2cebe0f5ec9660f"
3/22/2014,10,The Seasons Performance Hall,Yakima,WA,1,1,0,0,0,1,0,0,0,"https://www.google.com/maps/place/The+Seasons+Performance+Hall/@46.605223,-120.500388,17z/data=!3m1!4b1!4m2!3m1!1s0x5499d793b77bef73:0xe8df3a27df0df67e"
3/23/2014,1,University of Delaware,Newark,DE,0,0,0,0,0,1,0,0,0,"https://www.google.com/maps/place/University+of+Delaware/@39.67795,-75.750611,17z/data=!3m1!4b1!4m2!3m1!1s0x89c7aa2e565be9a5:0xc02efe446358e371"
3/24/2014,12,US Naval Station,Norfolk,VA,2,0,0,0,0,1,0,0,0,"https://www.google.com/maps/place/Naval+Station+Norfolk+(Sewell's+Point)/@36.943152,-76.31655,17z/data=!3m1!4b1!4m2!3m1!1s0x89ba9a33467abec7:0x117c8cce9ace4293"
3/30/2014,1,Savannah State University,Savannah,GA,0,0,0,0,0,1,0,0,0,"https://www.google.com/maps/place/Savannah+State+University/@32.025148,-81.065004,17z/data=!3m1!4b1!4m2!3m1!1s0x88fb76119a4b37af:0x627de4db98812e16"
4/1/2014,12,Fort Hood Military Police Station,Fort Hood,TX,4,14,0,0,0,1,0,0,0,"https://www.google.com/maps/place/Fort+Hood+Military+Police+Station/@31.195001,-97.741314,12z/data=!4m9!1m6!2m5!1sfort+hood+military+police+station!3m3!1sfort+hood+military+police+station!2sFort+Hood,+TX+76544!3s0x86454de561e26783:0xd8c52c9501a57973!3m1!1s0x86454cb0b323193f:0x18575c2efa523410"
4/3/2014,1,Kent State University,Kent,OH,0,0,0,0,0,1,0,0,0,"https://www.google.com/maps/place/Kent+State+University/@41.149063,-81.341465,17z/data=!3m1!4b1!4m2!3m1!1s0x88313adaaeda6679:0xddd9f3901cbcc433"
4/6/2014,1,Plummer Elementary School,Washington,DC,1,0,0,0,0,1,0,0,0,"https://www.google.com/maps/place/Plummer+Elementary+School/@38.887119,-76.940074,17z/data=!3m1!4b1!4m2!3m1!1s0x89b7b8c2f2791981:0x52db0acac06af20f"
4/7/2014,12,Marine Corps Base Camp Lejeune,Camp Lejeune,NC,1,1,0,1,0,0,0,0,0,"https://www.google.com/maps/place/Marine+Corps+Base+Camp+Lejeune/@34.636598,-77.301178,17z/data=!3m1!4b1!4m2!3m1!1s0x89a9042a99339c19:0x36a8b9fd41956839"
4/7/2014,1,Eastern New Mexico University,Roswell,NM,1,0,0,0,0,1,0,0,0,"https://www.google.com/maps/place/Eastern+New+Mexico+University+-+Roswell/@33.311982,-104.525249,17z/data=!3m1!4b1!4m2!3m1!1s0x86e269ca2454a9e9:0xef2ca9a3c23c02b6"
4/12/2014,10,Walmart Supercenter,Belmont,NC,0,0,0,0,0,1,0,0,0,"https://www.google.com/maps/place/Walmart+Supercenter/@35.2340605,-81.0373656,12z/data=!4m5!1m2!2m1!1sWalmart+in+Belmont,+NC!3m1!1s0x8856bd9f619ac5ad:0xfb624279ceea369d"
4/13/2014,10,Jewish Community Center,Overland,KS,3,0,0,0,0,1,0,0,0,"https://www.google.com/maps/place/Jewish+Community+Center+of+Greater+Kansas+City/@38.9184,-94.653,17z/data=!3m1!4b1!4m2!3m1!1s0x87c0ea225796a7b5:0x6669d18df8d834b4"
4/15/2014,10,Walmart,Huntsville,AL,0,1,0,0,0,1,0,0,0,"https://www.google.com/maps/place/Walmart/@34.706328,-86.59039,17z/data=!3m1!4b1!4m2!3m1!1s0x88626cb66ea47319:0x2962aefc65003be2"
4/15/2014,1,Stillman College,Tuscaloosa,AL,0,1,1,0,0,0,0,0,0,"https://www.google.com/maps/place/Stillman+College/@33.1973117,-87.5857854,16z/data=!3m1!4b1!4m2!3m1!1s0x8886030439a1640f:0xcc438ccf73fc02ba"
4/16/2014,10,Columbia Park,Peoria,IL,0,1,0,0,0,1,0,0,0,https://www.google.com.ph/webhp?sourceid=chrome-instant&rlz=1C1CHMO_enPH585PH585&ion=1&espv=2&es_th=1&ie=UTF-8#newwindow=1&q=Columbia%20Park%2C%20Peoria%2C%20Illinois
4/17/2014,2,BNSF Railway (AMTRAK),Klamath,OR,1,0,0,0,0,1,0,0,0,"https://www.google.com/maps/place/Klamath+Falls+Amtrak/@42.2202881,-121.7822667,14z/data=!4m5!1m2!2m1!1sBNSF+Railway,+Klamath+Falls,+OR+!3m1!1s0x54c8d4fba65be07d:0x4d3908378ab8dd62"
4/20/2014,10,Kato Entertainment Center,Mankato,MN,1,3,0,0,0,1,0,0,0,"https://www.google.com/maps/place/Kato+Entertainment+Center+Inc/@44.181958,-93.993329,17z/data=!3m1!4b1!4m2!3m1!1s0x87f43756a237429f:0x650244c2d8ccd84d"
4/20/2014,10,Al Barnes Park,Tampa,FL,2,2,0,0,0,2,0,0,0,"https://www.google.com/maps/place/Alfred+%22Al%22+Barnes,+Jr.+Park/@27.969222,-82.425506,17z/data=!3m1!4b1!4m2!3m1!1s0x88c2c5b6bf64961f:0x126883aaf57f6211"
4/21/2014,1,St. Mary Catholic School,Griffith,IN,1,0,1,0,0,0,0,0,0,"https://www.google.com/maps/place/Saint+Mary+School/@41.530387,-87.427182,17z/data=!3m1!4b1!4m2!3m1!1s0x8811e6fdb8c6dbff:0x40f03f25ba3a4a8d"
4/26/2014,1,Iowa Western Community College,Council Bluffs,IA,0,1,1,0,0,0,0,0,0,"https://www.google.com/maps/place/Iowa+Western+Community+College/@41.2741402,-95.8010696,16z/data=!3m1!4b1!4m2!3m1!1s0x87938369cab0b2c3:0x4be2902d3a42a56d"
4/28/2014,1,Madison High School,San Antonio,TX,0,0,2,1,0,0,0,1,0,"https://www.google.com/maps/place/James+Madison+High+School/@29.583497,-98.391382,17z/data=!3m1!4b1!4m2!3m1!1s0x865c8c7731de6909:0x9739ebf86f6e7143"
4/29/2014,2,FedEx ,Kennesaw,GA,1,6,0,0,0,1,0,0,0,"https://www.google.com/maps/search/fedex+near+Kennesaw,+GA/@34.0261809,-84.6170435,13z/data=!3m1!4b1"
4/30/2014,1,A&T State University,Greensboro,NC,1,0,1,0,0,0,0,0,0,"https://www.google.com/maps/place/North+Carolina+A%26T+State+University/@36.073036,-79.772232,17z/data=!3m1!4b1!4m2!3m1!1s0x885318b6c802beff:0xb361e69eb64bc3e0"
5/2/2014,1,Marquette University,Milwaukee,WI,0,1,1,0,0,0,0,0,0,"https://www.google.com/maps/place/Marquette+University/@43.0388508,-87.9304238,16z/data=!3m1!4b1!4m2!3m1!1s0x88051981d7c00c5b:0x55bd51582acc120b"
5/2/2014,6,Travel Lure Hotel,Aberdeen,WA,0,1,1,0,0,0,0,0,0,http://www.kirotv.com/news/news/aberdeen-shooting-leaves-1-injured/nfnZm/
5/3/2014,1,Horizon Elementary School,Everett,WA,0,1,0,0,0,1,0,0,0,"https://www.google.com/maps/place/Horizon+Elementary+School/@47.920568,-122.237065,17z/data=!3m1!4b1!4m2!3m1!1s0x549000d9fbc73011:0xc77861c405b1024f"
5/4/2014,1,Paine College,Augusta,GA,0,1,0,0,0,1,0,0,0,"https://www.google.com/maps/place/Paine+College/@33.4697067,-81.9955525,17z/data=!3m1!4b1!4m2!3m1!1s0x88f9cc356bb6b3a3:0x6f688b510ddd1937"
5/5/2014,1,Paine College,Augusta,GA,0,1,0,0,0,1,0,0,0,"https://www.google.com/maps/place/Paine+College/@33.4697067,-81.9955525,17z/data=!3m1!4b1!4m2!3m1!1s0x88f9cc356bb6b3a3:0x6f688b510ddd1937"
5/8/2014,1,Georgetown College,Georgetown,KY,0,1,1,0,0,0,0,0,0,"https://www.google.com/maps/place/Georgetown+College/@38.207007,-84.554323,17z/data=!3m1!4b1!4m2!3m1!1s0x88423f726dec8bf9:0xc4a985e7c9cb4c2b"
5/11/2014,6,America's Best Value Inn,Houston,TX,1,0,0,0,0,2,0,0,0,http://www.americasbestvalueinn.com/bestv.cfm?idp=912&rcode=sim2014
5/12/2014,10,Universal City Walk,Los Angeles,CA,1,0,1,0,0,0,0,0,0,https://www.google.com.ph/webhp?sourceid=chrome-instant&rlz=1C1CHMO_enPH585PH585&ion=1&espv=2&ie=UTF-8#newwindow=1&q=universal+city+walk
5/17/2014,7,Palms Casino Resort,LasVegas,NV,1,1,0,0,0,1,0,0,0,"https://www.google.com/maps/place/Palms+Casino+Resort/@36.11422,-115.194996,17z/data=!3m1!4b1!4m2!3m1!1s0x80c8c69929a4e157:0x3408652dadfedf7e"
5/19/2014,11,Orlando Regional Medical Center,Orlando,FL,1,0,0,0,0,1,0,0,0,"https://www.google.com/maps/place/Orlando+Regional+Medical+Center/@28.5262475,-81.3773068,17z/data=!3m1!4b1!4m2!3m1!1s0x88e77b0f43dcd4fb:0x58630ca156e9e0"
5/21/2014,1,Clarke Street School,Milwaukee,WI,0,1,0,0,0,1,0,0,0,"https://www.google.com/maps/place/CLARKE+STREET+ELEMENTARY+SCHOOL/@43.066401,-87.949253,17z/data=!4m2!3m1!1s0x88051bedca33c7ff:0x7d4a4c03584545c7"
5/23/2014,1,University of California,Sta. Barbara,CA,6,13,3,0,0,0,0,0,0,"https://www.google.com/maps/place/University+of+California,+Santa+Barbara/@34.413963,-119.848947,17z/data=!3m1!4b1!4m2!3m1!1s0x80e93f67f3314b37:0x4e956b7e5cb6cec2"
5/24/2014,6,Bermuda Sands Motel,Myrtle Beach,SC,3,1,0,0,0,1,0,0,0,"https://www.google.com/maps/place/Bermuda+Sands+Motel/@33.683777,-78.887216,17z/data=!3m1!4b1!4m2!3m1!1s0x8900660268510a37:0x1ce978ede3bc9591"
5/24/2014,10,Coke Lot,Indianapolis,IN,1,0,0,0,0,1,0,0,0,https://foursquare.com/v/the-coke-lot-indianapolis-in/4b66e9aef964a520f42f2be3
5/25/2014,10,Coke Lot,Indianapolis,IN,0,2,0,0,0,1,0,0,0,https://foursquare.com/v/the-coke-lot-indianapolis-in/4b66e9aef964a520f42f2be3
5/25/2014,10,Coke Lot,Indianapolis,IN,0,1,1,0,0,0,0,0,0,https://foursquare.com/v/the-coke-lot-indianapolis-in/4b66e9aef964a520f42f2be3
5/26/2014,6,Hyatt Regency Clearwater Beach Resort & Spa,Clearwater,FL,0,2,0,0,0,1,0,0,0,"https://www.google.com/maps/place/Hyatt+Regency+Clearwater+Beach+Resort+and+Spa/@27.973782,-82.829103,17z/data=!3m1!4b1!4m2!3m1!1s0x88c2f6d7b58b24c7:0x58217a93a483ad33"
5/26/2014,10,Walmart Supercenter,Greenacres,FL,1,0,0,0,0,1,0,0,0,"https://www.google.com/maps/place/Walmart+Supercenter/@26.649588,-80.14248,17z/data=!3m1!4b1!4m2!3m1!1s0x88d9287d8f15dce7:0x3bdb13ea2fb9878a"
6/5/2014,1,Seattle Pacific University,Seattle,WA,1,3,0,0,1,0,0,1,0,"https://www.google.com/maps/place/Seattle+Pacific+University/@47.6478462,-122.3619475,16z/data=!3m1!4b1!4m2!3m1!1s0x54901509db0d439f:0xb7ef892c801ec379"
6/8/2014,10,CiCi's Pizza and Walmart,Las Vegas,NV,3,0,2,0,1,1,0,0,0,"https://www.google.com/maps/place/CiCi's+Pizza/@36.09871,-115.118628,17z/data=!3m1!4b1!4m2!3m1!1s0x80c8c51608b508af:0xf65f3cbd00703956"
6/10/2014,1,Reynolds High School,Troutdale,OR,1,1,0,1,0,0,0,0,0,"https://www.google.com/maps/place/Reynolds+High+School/@45.528859,-122.402377,17z/data=!3m1!4b1!4m2!3m1!1s0x5495980701256cc1:0xd0906294a159cd52"
6/12/2014,10,Mother of Mercy Mission Catholic Church,Phoenix,AZ,1,1,0,0,0,1,0,0,0,"https://www.google.com/maps/place/Mother+of+Mercy+Mission/@33.450029,-112.093229,17z/data=!3m1!4b1!4m2!3m1!1s0x872b122d6ed82cd5:0xd5c43eda0dc1afd0"
6/19/2014,10,Colorado Red Rocks Amphitheatre,Morrison,CO,0,3,0,0,0,1,0,0,0,"https://www.google.com/maps/place/Red+Rocks+Amphitheatre/@39.665534,-105.205492,17z/data=!3m1!4b1!4m2!3m1!1s0x876b82d9bbdc08af:0xdb0dd5c128badc4"
6/22/2014,2,J.B. Hunt Trucking,Atlanta,GA,1,0,0,0,0,1,0,0,0,http://www.cbs46.com/story/25839185/employee-shot-and-killed-at-trucking-company
1/1/2014,7,Resort Casino,Tunica,MS,0,1,0,0,0,0,0,1,0,"https://www.google.com/maps/place/Resorts+Casino+Tunica/@34.814918,-90.417725,17z/data=!3m1!4b1!4m2!3m1!1s0x87d53cfde29200e9:0x9b5184b1a833075f"
1/8/2014,11,Holy Family Hospital,Methuen,MA,0,3,0,0,0,0,0,1,0,"https://www.google.com/maps/place/Holy+Family+Hospital/@42.727658,-71.168378,17z/data=!3m1!4b1!4m2!3m1!1s0x89e30714d432d2f5:0x30d6d6ee1160d71e"
1/12/2014,10,West Angeles Church Of God In Christ,Los Angeles,CA,0,1,0,0,0,0,0,1,0,"https://www.google.com/maps/place/West+Angeles+Church+Of+God+In+Christ/@34.026435,-118.335435,17z/data=!3m1!4b1!4m2!3m1!1s0x80c2b8486f69592d:0x7386ff9a71b79206"
1/13/2014,9,Metro Red Line,Los Angeles,CA,1,0,0,0,0,0,0,1,0,http://thesource.metro.net/2014/01/15/sheriffs-department-news-release-on-mondays-fatal-stabbing-on-the-red-line-help-sought-from-the-public/
1/13/2014,2,Bailey Nurseries,Newport,MN,1,0,0,0,0,0,0,1,0,"https://www.google.com/maps/place/Bailey+Nurseries+Inc/@44.888982,-92.991824,17z/data=!3m1!4b1!4m2!3m1!1s0x87f7d6cc56a99653:0xefdfd4a3d3761596"
1/19/2014,2,Carolina Pride,Greenwood,SC,0,1,0,0,0,0,0,1,0,"https://www.google.com/maps/place/Carolina+Pride+Foods/@34.19024,-82.144003,17z/data=!3m1!4b1!4m2!3m1!1s0x88f8014756881cb1:0x6faac25f633087f4"
1/22/2014,1,Wolfson High School,Jacksonville,FL,0,1,0,0,0,0,0,1,0,"https://www.google.com/maps/place/Samuel+W.+Wolfson+High+School/@30.249872,-81.615736,17z/data=!3m1!4b1!4m2!3m1!1s0x88e5c9fa952e39b7:0x42a07b6540c623e6"
2/5/2014,5,Salinas Valley State Prison,Soleded,CA,0,1,0,0,0,0,0,0,1,"https://www.google.com/maps/place/Salinas+Valley+State+Prison/@36.47642,-121.374175,17z/data=!3m1!4b1!4m2!3m1!1s0x80926c3db33d18af:0xff94575c6884f53c"
2/20/2014,2,Cedarville Rancheria Tribal Office,Alturas,CA,4,2,0,0,0,0,0,1,0,"https://www.google.com/maps/place/Cedarville+Rancheria+Tribal/@41.4901584,-120.544683,11z/data=!4m5!1m2!2m1!1sCedarville+Rancheria+Tribal+Office+in+Alturas,+CA!3m1!1s0x54cbaf6aaa06b95d:0x1ce53ea66ea60f5b"
3/3/2014,1,University of Florida,Gainesville,FL,0,1,0,0,0,0,0,1,0,"https://www.google.com/maps/place/University+of+Florida/@29.645264,-82.346394,17z/data=!3m1!4b1!4m2!3m1!1s0x88e8a30cfbe49275:0x206fe0de143d9886"
3/3/2014,5,Lieber Correctional Institution,Ridgeville,SC,1,0,0,0,0,0,0,1,0,"https://www.google.com/maps/place/Lieber+Correctional+Institute/@33.087048,-80.289836,17z/data=!3m1!4b1!4m2!3m1!1s0x88feed68ccd372a7:0x5cc999a767abff6a"
3/10/2014,5,Lancaster County Prison,Lancaster,PA,0,2,0,0,0,0,0,0,2,"https://www.google.com/maps/place/Lancaster+County+Prison/@40.040251,-76.292419,17z/data=!3m1!4b1!4m2!3m1!1s0x89c624c0760674e3:0x686530d8186af0e9"
3/16/2014,9,TARC Bus,Louisville,KY,1,1,0,0,0,0,0,1,0,http://www.wlky.com/news/grand-jury-decides-not-to-indict-man-accused-of-killing-teen-on-tarc-bus/25175342#!4PNCW
3/18/2014,6,Star Liter Motor Motel,Bakersfield,CA,1,0,0,0,0,0,0,1,0,"https://www.google.com/maps/place/Star-Liter+Motor+Motel/@35.345585,-119.002457,17z/data=!3m1!4b1!4m2!3m1!1s0x80ea6a527d9256bf:0xb5cd306548aa191e"
4/1/2014,1,Methuen High School,Methuen,MA,0,1,0,0,0,0,0,1,0,"https://www.google.com/maps/place/Methuen+High+School/@42.733099,-71.171065,17z/data=!3m1!4b1!4m2!3m1!1s0x89e3076a52b0c203:0xe1d9b55460193651"
4/9/2014,1,Franklin Regional High School,Murrysville,PA,0,24,0,0,0,0,0,2,0,"https://www.google.com/maps/place/Franklin+Regional+School/@40.428014,-79.665083,17z/data=!3m1!4b1!4m2!3m1!1s0x8834c143deb7b619:0xa72053c987ea09d"
4/17/2014,1,Piper High School,Sunrise,FL,0,1,0,0,0,0,0,1,0,"https://www.google.com/maps/place/Piper+High+School/@26.17888,-80.257064,17z/data=!3m1!4b1!4m2!3m1!1s0x88d9060b087482a9:0x63fe14d377551b60"
4/21/2014,4,US Marshalls Office,Salt Lake City,UT,1,0,0,0,0,0,0,0,1,"https://www.google.com/maps/place/U.S.+Marshals+Office/@40.7838795,-111.8789603,14z/data=!4m5!1m2!2m1!1sfederal+courthouse+near+Capitol+Park+Avenue,+Salt+Lake+City,+UT!3m1!1s0x8752f510731ff633:0x8e9dd69a4334e410"
4/25/2014,1,Jonathan Law High School,Milford,CT,1,0,0,0,0,0,0,1,0,"https://www.google.com/maps/place/Jonathan+Law+High+School/@41.203986,-73.088719,17z/data=!3m1!4b1!4m2!3m1!1s0x89e8734d54e83323:0x1c434cc02d024b36"
4/26/2014,1,Stansbury Park Elementary School,Stansbury Park,UT,1,0,0,0,0,0,0,1,0,"https://www.google.com/maps/place/Stansbury+Park+Elementary+School/@40.636795,-112.296341,17z/data=!4m2!3m1!1s0x8752bf749a01921b:0x7f6bb58941e0f5ee"
5/12/2014,12,Vance Air Force Base,Enid,OK,0,1,0,0,0,0,0,1,0,"https://www.google.com/maps/place/Vance+Air+Force+Base/@36.339722,-97.916115,17z/data=!3m1!4b1!4m2!3m1!1s0x87ae2cd6305b43ab:0xdc36823439b59c49"
5/14/2014,1,Duchesne High School,Duchesne,UT,0,1,0,0,0,0,0,1,0,"https://www.google.com/maps/place/Duchesne+High+School/@39.826279,-111.447734,655799m/data=!3m1!1e3!4m2!3m1!1s0x0:0xa1368aaf0654603?hl=en-US"
6/6/2014,12,Naval Support Activity Portsmouth Annex,Portsmouth,VA,0,1,0,0,0,0,0,1,0,"https://www.google.com/maps/place/Naval+Medical+Center/@36.844072,-76.304804,17z/data=!3m1!4b1!4m2!3m1!1s0x89ba9879ab2698d1:0x39e43023a933d3b5"
6/24/2014,1,T.W. Browne Middle School,Dallas,TX,0,1,0,0,0,0,0,0,0,"https://www.google.com/maps/place/T+W+Browne+Middle+School/@32.696288,-96.876752,17z/data=!3m1!4b1!4m2!3m1!1s0x864e9089a7d4e969:0xdc424f1ae084c54f"
